{
  "schema_version": 1,
  "map": {
    "yaml": "manual_20260705_225538.yaml",
    "image": "manual_20260705_225538.pgm",
    "resolution": 0.05000000074505806,
    "origin": [
      -3.119999885559082,
      -0.8999999761581421,
      0
    ],
    "width": 118,
    "height": 61,
    "image_sha256": ""
  },
  "regions": [
    {
      "id": "4a0bc77b-49d3-47c2-a5ad-68e31a4871e0",
      "name": "bedroom",
      "color": "#4F8CFF",
      "vertices": [
        {
          "x": -1.8448189496994019,
          "y": 1.77306067943573
        },
        {
          "x": -1.825837254524231,
          "y": 0.4861021041870117
        },
        {
          "x": -0.47054433822631836,
          "y": 0.4481387138366699
        },
        {
          "x": -0.4667482376098633,
          "y": 1.727504849433899
        }
      ],
      "center": {
        "x": -1.1449998617172241,
        "y": 1.1250001192092896
      },
      "center_type": "nearest_free_cell"
    }
  ]
}
